Student Number,First Name,Last Name,Email,Q1,Q2,Q3,
374037961,Alicia,Loi,374037961@amazing.email.com,x1=0;x2=-2,n/a,x1=1;x2=-1;x3=2,
226252517,Shayden,Hoang,226252517@amazing.email.com,n/a,x1=0;x2=-2,x1=1;,
589748454,Neethan,Rajadurai,589748454@amazing.email.com,x1=0,n/a,x1=1;x2=-1,
873915230,David,Situ,873915230@amazing.email.com,,,,
935559720,Nicole,Chong,935559720@amazing.email.com,x1=0;x2=-2,x1=1;x2=2,x1=1,
719012144,Diego,Alonso,719012144@amazing.email.com,x1=1;x2=-1;x3=2,n/a,x1=1;x2=-1;x3=2,
700129148,Alan,Xia,700129148@amazing.email.com,x1=96;x2=68,infinite solutions,x1=1;x2=-1;x3=2,
398596001,Jordan,Chu,398596001@amazing.email.com,x1=-96;x2=-68,XER,x1=-6;x2=9;x3=0,
